keyword,intent,intent_generated
citalopram vs prozac,Commercial,"[('Commercial', '0.992')]"
who is the oldest football player,Informational,"[('Informational', '0.995')]"
t mobile town east,Navigational,"[('Navigational', '0.978'), ('Commercial', '0.512')]"
starbucks,Navigational,"[('Navigational', '0.988')]"
tech crunch,Navigational,"[('Navigational', '0.988')]"
screen protector,Commercial,"[('Commercial', '0.981')]"
chinese food delivery near me,Local,"[('Informational', '0.968'), ('Commercial', '0.647')]"
elevenlabs,Navigational,"[('Navigational', '0.99')]"
llama,Informational,"[('Navigational', '0.876'), ('Informational', '0.811')]"
tire patch kit,Transactional,"[('Commercial', '0.913'), ('Transactional', '0.672')]"
cat shelves,Transactional,"[('Transactional', '0.979')]"
bx headphones,Transactional,"[('Informational', '0.956')]"
bx headphones,Transactional,"[('Informational', '0.956')]"
duffel bags,Commercial,"[('Commercial', '0.99')]"
best cat ear headphones,Commercial,"[('Commercial', '0.988')]"
MS Dhoni,Commercial,"[('Commercial', '0.951')]"
best food,Commercial,"[('Commercial', '0.991')]"
facebook,Navigational,"[('Navigational', '0.988')]"
facebook login,Navigational,"[('Navigational', '0.99')]"
twitter,Navigational,"[('Navigational', '0.988')]"
Iphone 13 prices,Navigational,"[('Transactional', '0.854'), ('Commercial', '0.686')]"
best headphones reddit,Navigational,"[('Navigational', '0.985')]"
best cat ear headphones reddit,Navigational,"[('Navigational', '0.985')]"
best movies reddit,Navigational,"[('Navigational', '0.986')]"
best headphones quora,Navigational,"[('Navigational', '0.986')]"
t mobile town east,Transactional,"[('Navigational', '0.978'), ('Commercial', '0.512')]"
Iphone 13 prices,Transactional,"[('Transactional', '0.854'), ('Commercial', '0.686')]"
difference between affect and effect,Informational,"[('Informational', '0.995')]"
Andrew NG,Informational,"[('Navigational', '0.907'), ('Informational', '0.617')]"
Barack Obama,Informational,"[('Informational', '0.994')]"
weather,Navigational,"[('Navigational', '0.984')]"
Food shops around me,Local,"[('Informational', '0.993')]"
Best hotels in my area,Local,"[('Commercial', '0.982'), ('Informational', '0.585')]"
Nearby saloons,Local,"[('Informational', '0.986')]"
Places to visit nearby,Local,"[('Informational', '0.994')]"
Mission Immpossible,Transactional,"[('Transactional', '0.958'), ('Commercial', '0.536')]"
Mission Immpossible,Informational,"[('Transactional', '0.958'), ('Commercial', '0.536')]"
Who is spiderman,Informational,"[('Informational', '0.995')]"
bx headphones,Informational,"[('Informational', '0.956')]"
bx headphones,Informational,"[('Informational', '0.956')]"
bx headphones,Informational,"[('Informational', '0.956')]"
ebay,Navigational,"[('Navigational', '0.989')]"
Escrow.com,Navigational,"[('Navigational', '0.989')]"
amazon,Navigational,"[('Navigational', '0.989')]"
spotify,Navigational,"[('Navigational', '0.989')]"
ibm,Navigational,"[('Navigational', '0.989')]"
pudding recepie,Informational,"[('Informational', '0.992')]"
pudding recepie,Informational,"[('Informational', '0.992')]"
pudding recepie,Informational,"[('Informational', '0.992')]"
pudding recepie,Informational,"[('Informational', '0.992')]"
pudding recepie,Informational,"[('Informational', '0.992')]"
band manager download,Informational,"[('Informational', '0.991')]"
band manager download,Informational,"[('Informational', '0.991')]"
Fast and The Furious,Informational,"[('Informational', '0.995')]"
Fast and The Furious,Informational,"[('Informational', '0.995')]"
Fast and The Furious,Informational,"[('Informational', '0.995')]"
music industry,Informational,"[('Commercial', '0.987')]"
Fast and The Furious,Informational,"[('Informational', '0.995')]"
Fast and The Furious,Informational,"[('Informational', '0.995')]"
band manager download,Informational,"[('Informational', '0.991')]"
band manager download,Informational,"[('Informational', '0.991')]"
How to get Spotify Premium,Informational,"[('Informational', '0.996')]"
How to get Spotify Premium,Informational,"[('Informational', '0.996')]"
How to get Spotify Premium,Informational,"[('Informational', '0.996')]"
How to get Spotify Premium,Informational,"[('Informational', '0.996')]"
How to connect AirPods to Android,Informational,"[('Informational', '0.996')]"
How to connect AirPods to Android,Informational,"[('Informational', '0.996')]"
How to connect AirPods to Android,Informational,"[('Informational', '0.996')]"
spotify free vs premium,Informational,"[('Informational', '0.992')]"
spotify free vs premium,Informational,"[('Informational', '0.992')]"
spotify free vs premium,Informational,"[('Informational', '0.992')]"
How to connect AirPods to Android,Informational,"[('Informational', '0.996')]"
How to be an amazon product tester,Informational,"[('Informational', '0.996')]"
How to be an amazon product tester,Informational,"[('Informational', '0.996')]"
How to be an amazon product tester,Informational,"[('Informational', '0.996')]"
How to be an amazon product tester,Informational,"[('Informational', '0.996')]"
How to delete facebook account without password,Informational,"[('Informational', '0.996')]"
How to delete facebook account without password,Informational,"[('Informational', '0.996')]"
How to delete facebook account without password,Informational,"[('Informational', '0.996')]"
How to delete facebook account without password,Informational,"[('Informational', '0.996')]"
How to be productive,Informational,"[('Informational', '0.996')]"
band manager download,Informational,"[('Informational', '0.991')]"
DJ khaled,Informational,"[('Informational', '0.994')]"
DJ khaled,Informational,"[('Informational', '0.994')]"
Escrow,Informational,"[('Informational', '0.992')]"
Escrow,Informational,"[('Informational', '0.992')]"
Escrow,Informational,"[('Informational', '0.992')]"
DJ khaled,Informational,"[('Informational', '0.994')]"
DJ khaled,Informational,"[('Informational', '0.994')]"
DJ khaled,Informational,"[('Informational', '0.994')]"
DJ khaled,Informational,"[('Informational', '0.994')]"
Best food,Commercial,"[('Commercial', '0.991')]"
Buy camera phones,Commercial,"[('Transactional', '0.988')]"
music industry,Commercial,"[('Commercial', '0.987')]"
Best books to buy,Commercial,"[('Commercial', '0.992')]"
Best books to buy,Commercial,"[('Commercial', '0.992')]"
Best books to read,Commercial,"[('Informational', '0.988'), ('Commercial', '0.556')]"
Best Scifi to watch 2024,Commercial,"[('Commercial', '0.991')]"
Best Scifi to watch 2024,Commercial,"[('Commercial', '0.991')]"
Best Scifi to watch 2024,Commercial,"[('Commercial', '0.991')]"
Best Scifi to watch 2023,Commercial,"[('Commercial', '0.991')]"
Best Scifi to watch 2023,Commercial,"[('Commercial', '0.991')]"
music industry,Commercial,"[('Commercial', '0.987')]"
music industry,Commercial,"[('Commercial', '0.987')]"
music industry,Commercial,"[('Commercial', '0.987')]"
bollywood industry,Commercial,"[('Informational', '0.952'), ('Commercial', '0.819')]"
best headphones swimming,Commercial,"[('Commercial', '0.989')]"
best headphones swimming,Commercial,"[('Commercial', '0.989')]"
best headphones swimming,Commercial,"[('Commercial', '0.989')]"
finance manager salary,Commercial,"[('Commercial', '0.986')]"
finance manager salary,Commercial,"[('Commercial', '0.986')]"
finance manager salary,Commercial,"[('Commercial', '0.986')]"
manager salary,Commercial,"[('Commercial', '0.986')]"
programmer salary,Commercial,"[('Commercial', '0.985')]"
lawyer salary,Commercial,"[('Commercial', '0.988')]"
sneakers amazon,Navigational,"[('Navigational', '0.957'), ('Transactional', '0.505')]"
sneakers amazon,Transactional,"[('Navigational', '0.957'), ('Transactional', '0.505')]"
headphones ear pads,Transactional,"[('Informational', '0.856'), ('Commercial', '0.689')]"
nike shoes,Navigational,"[('Transactional', '0.984')]"
nike shoes,Transactional,"[('Transactional', '0.984')]"
plumber in arizona,Local,"[('Informational', '0.944'), ('Commercial', '0.644')]"
plumber in canada,Local,"[('Informational', '0.984'), ('Commercial', '0.552')]"
saloons in nyc,Local,"[('Informational', '0.994')]"
Facebook login,Navigational,"[('Navigational', '0.99')]"
Google maps,Navigational,"[('Navigational', '0.988')]"
YouTube,Navigational,"[('Navigational', '0.978')]"
Amazon,Navigational,"[('Navigational', '0.989')]"
Netflix,Navigational,"[('Navigational', '0.989')]"
Gmail login,Navigational,"[('Navigational', '0.99')]"
Instagram,Navigational,"[('Navigational', '0.989')]"
Twitter,Navigational,"[('Navigational', '0.988')]"
LinkedIn,Navigational,"[('Navigational', '0.989')]"
Pinterest,Navigational,"[('Navigational', '0.989')]"
WhatsApp,Navigational,"[('Navigational', '0.987')]"
eBay,Navigational,"[('Navigational', '0.989')]"
Spotify,Navigational,"[('Navigational', '0.989')]"
Microsoft,Navigational,"[('Navigational', '0.988')]"
Apple,Navigational,"[('Navigational', '0.988')]"
Yahoo Mail,Navigational,"[('Navigational', '0.989')]"
Dropbox,Navigational,"[('Navigational', '0.989')]"
PayPal,Navigational,"[('Navigational', '0.99')]"
Adobe,Navigational,"[('Navigational', '0.988')]"
Wikipedia,Navigational,"[('Navigational', '0.974')]"
Reddit,Navigational,"[('Navigational', '0.988')]"
Zoom,Navigational,"[('Navigational', '0.986')]"
Airbnb,Navigational,"[('Navigational', '0.99')]"
Booking.com,Navigational,"[('Navigational', '0.987')]"
Expedia,Navigational,"[('Navigational', '0.989')]"
Walmart,Navigational,"[('Navigational', '0.988')]"
Target,Navigational,"[('Navigational', '0.984')]"
Best Buy,Navigational,"[('Navigational', '0.987')]"
Home Depot,Navigational,"[('Navigational', '0.989')]"
Lowe's,Navigational,"[('Navigational', '0.982')]"
CVS,Navigational,"[('Navigational', '0.99')]"
Walgreens,Navigational,"[('Navigational', '0.988')]"
Office Depot,Navigational,"[('Navigational', '0.956'), ('Transactional', '0.643')]"
Staples,Navigational,"[('Navigational', '0.988')]"
FedEx tracking,Navigational,"[('Navigational', '0.989')]"
UPS tracking,Navigational,"[('Navigational', '0.99')]"
USPS tracking,Navigational,"[('Navigational', '0.99')]"
Bank of America login,Navigational,"[('Navigational', '0.99')]"
Chase online banking,Navigational,"[('Navigational', '0.99')]"
Wells Fargo login,Navigational,"[('Navigational', '0.99')]"
Citibank online,Navigational,"[('Navigational', '0.989')]"
PayPal login,Navigational,"[('Navigational', '0.99')]"
Credit Karma login,Navigational,"[('Navigational', '0.99')]"
TurboTax login,Navigational,"[('Navigational', '0.99')]"
LinkedIn login,Navigational,"[('Navigational', '0.99')]"
Facebook messenger,Navigational,"[('Navigational', '0.988')]"
Instagram login,Navigational,"[('Navigational', '0.99')]"
Twitter login,Navigational,"[('Navigational', '0.99')]"
TikTok,Navigational,"[('Navigational', '0.983')]"
Pinterest login,Navigational,"[('Navigational', '0.99')]"
WhatsApp web,Navigational,"[('Navigational', '0.99')]"
Uber,Navigational,"[('Navigational', '0.989')]"
Lyft,Navigational,"[('Navigational', '0.99')]"
DoorDash,Navigational,"[('Navigational', '0.982')]"
Grubhub,Navigational,"[('Navigational', '0.986')]"
Postmates,Navigational,"[('Navigational', '0.987')]"
Instacart,Navigational,"[('Navigational', '0.99')]"
Zillow,Navigational,"[('Navigational', '0.99')]"
Realtor.com,Navigational,"[('Navigational', '0.989')]"
Trulia,Navigational,"[('Navigational', '0.979')]"
Redfin,Navigational,"[('Navigational', '0.981')]"
Airbnb login,Navigational,"[('Navigational', '0.99')]"
Booking.com login,Navigational,"[('Navigational', '0.99')]"
Expedia login,Navigational,"[('Navigational', '0.99')]"
Walmart login,Navigational,"[('Navigational', '0.99')]"
Target login,Navigational,"[('Navigational', '0.99')]"
Best Buy login,Navigational,"[('Navigational', '0.991')]"
Home Depot login,Navigational,"[('Navigational', '0.99')]"
Lowe's login,Navigational,"[('Navigational', '0.99')]"
CVS login,Navigational,"[('Navigational', '0.99')]"
Walgreens login,Navigational,"[('Navigational', '0.99')]"
Office Depot login,Navigational,"[('Navigational', '0.99')]"
Staples login,Navigational,"[('Navigational', '0.99')]"
Bank of America,Navigational,"[('Navigational', '0.989')]"
Chase bank,Navigational,"[('Navigational', '0.989')]"
Wells Fargo,Navigational,"[('Navigational', '0.989')]"
Citibank,Navigational,"[('Navigational', '0.989')]"
American Express,Navigational,"[('Navigational', '0.989')]"
Discover card,Navigational,"[('Navigational', '0.99')]"
Capital One,Navigational,"[('Navigational', '0.988')]"
TD Bank,Navigational,"[('Navigational', '0.989')]"
PNC Bank,Navigational,"[('Navigational', '0.989')]"
US Bank,Navigational,"[('Navigational', '0.989')]"
Fifth Third Bank,Navigational,"[('Navigational', '0.988')]"
Regions Bank,Navigational,"[('Navigational', '0.988')]"
SunTrust Bank,Navigational,"[('Navigational', '0.989')]"
PayPal credit,Navigational,"[('Navigational', '0.989')]"
Credit Karma,Navigational,"[('Navigational', '0.99')]"
TurboTax,Navigational,"[('Navigational', '0.988')]"
H&R Block,Navigational,"[('Navigational', '0.987')]"
LinkedIn learning,Navigational,"[('Navigational', '0.99')]"
Facebook marketplace,Navigational,"[('Navigational', '0.988')]"
Facebook ads,Navigational,"[('Navigational', '0.978')]"
Google Drive,Navigational,"[('Navigational', '0.99')]"
Microsoft Office,Navigational,"[('Navigational', '0.989')]"
Gmail,Navigational,"[('Navigational', '0.989')]"
Yahoo Mail login,Navigational,"[('Navigational', '0.99')]"
Outlook login,Navigational,"[('Navigational', '0.99')]"
Hotmail login,Navigational,"[('Navigational', '0.991')]"
Adobe Creative Cloud,Navigational,"[('Navigational', '0.988')]"
Google Analytics,Navigational,"[('Navigational', '0.989')]"
Shopify login,Navigational,"[('Navigational', '0.99')]"
WordPress login,Navigational,"[('Navigational', '0.99')]"
Wix login,Navigational,"[('Navigational', '0.99')]"
Squarespace login,Navigational,"[('Navigational', '0.99')]"
Blogger login,Navigational,"[('Navigational', '0.99')]"
Tumblr login,Navigational,"[('Navigational', '0.99')]"
Reddit login,Navigational,"[('Navigational', '0.989')]"
Amazon Prime,Navigational,"[('Navigational', '0.989')]"
Netflix login,Navigational,"[('Navigational', '0.99')]"
Hulu login,Navigational,"[('Navigational', '0.99')]"
Disney+ login,Navigational,"[('Navigational', '0.99')]"
HBO Max login,Navigational,"[('Navigational', '0.99')]"
Spotify login,Navigational,"[('Navigational', '0.99')]"
Apple Music login,Navigational,"[('Navigational', '0.99')]"
Google Play Store,Navigational,"[('Navigational', '0.988')]"
Apple App Store,Navigational,"[('Navigational', '0.987')]"
Android login,Navigational,"[('Navigational', '0.991')]"
iOS login,Navigational,"[('Navigational', '0.99')]"
Windows login,Navigational,"[('Navigational', '0.99')]"
MacOS login,Navigational,"[('Navigational', '0.991')]"
Chrome login,Navigational,"[('Navigational', '0.99')]"
Firefox login,Navigational,"[('Navigational', '0.99')]"
Safari login,Navigational,"[('Navigational', '0.991')]"
Internet Explorer login,Navigational,"[('Navigational', '0.991')]"
Microsoft Edge login,Navigational,"[('Navigational', '0.989')]"
Adobe Acrobat login,Navigational,"[('Navigational', '0.99')]"
Adobe Photoshop login,Navigational,"[('Navigational', '0.99')]"
Adobe Illustrator login,Navigational,"[('Navigational', '0.99')]"
Adobe Premiere Pro login,Navigational,"[('Navigational', '0.99')]"
Adobe After Effects login,Navigational,"[('Navigational', '0.99')]"
Adobe InDesign login,Navigational,"[('Navigational', '0.99')]"
Adobe Lightroom login,Navigational,"[('Navigational', '0.99')]"
YouTube Studio login,Navigational,"[('Navigational', '0.99')]"
Google Ads login,Navigational,"[('Navigational', '0.99')]"
Google My Business login,Navigational,"[('Navigational', '0.991')]"
Google Analytics login,Navigational,"[('Navigational', '0.99')]"
Google Search Console login,Navigational,"[('Navigational', '0.991')]"
Microsoft Word login,Navigational,"[('Navigational', '0.989')]"
Microsoft Excel login,Navigational,"[('Navigational', '0.99')]"
Microsoft PowerPoint login,Navigational,"[('Navigational', '0.99')]"
Microsoft Teams login,Navigational,"[('Navigational', '0.99')]"
Microsoft Outlook login,Navigational,"[('Navigational', '0.99')]"
Microsoft OneDrive login,Navigational,"[('Navigational', '0.99')]"
Facebook Business Manager login,Navigational,"[('Navigational', '0.99')]"
Instagram Business login,Navigational,"[('Navigational', '0.99')]"
Twitter Business login,Navigational,"[('Navigational', '0.99')]"
LinkedIn Business login,Navigational,"[('Navigational', '0.99')]"
Pinterest Business login,Navigational,"[('Navigational', '0.99')]"
TikTok Business login,Navigational,"[('Navigational', '0.99')]"
Snapchat Business login,Navigational,"[('Navigational', '0.99')]"
YouTube Business login,Navigational,"[('Navigational', '0.99')]"
Vimeo Business login,Navigational,"[('Navigational', '0.99')]"
PayPal Business login,Navigational,"[('Navigational', '0.99')]"
eBay Business login,Navigational,"[('Navigational', '0.99')]"
Amazon Seller login,Navigational,"[('Navigational', '0.991')]"
Etsy login,Navigational,"[('Navigational', '0.99')]"
Shopify Business login,Navigational,"[('Navigational', '0.99')]"
WordPress Business login,Navigational,"[('Navigational', '0.99')]"
Wix Business login,Navigational,"[('Navigational', '0.99')]"
Squarespace Business login,Navigational,"[('Navigational', '0.99')]"
Blogger Business login,Navigational,"[('Navigational', '0.989')]"
Tumblr Business login,Navigational,"[('Navigational', '0.99')]"
Reddit Business login,Navigational,"[('Navigational', '0.99')]"
Google Workspace login,Navigational,"[('Navigational', '0.99')]"
Microsoft 365 login,Navigational,"[('Navigational', '0.99')]"
Zoom login,Navigational,"[('Navigational', '0.99')]"
Skype login,Navigational,"[('Navigational', '0.99')]"
Microsoft Teams login,Navigational,"[('Navigational', '0.99')]"
Slack login,Navigational,"[('Navigational', '0.991')]"
WhatsApp Business login,Navigational,"[('Navigational', '0.99')]"
WeChat Business login,Navigational,"[('Navigational', '0.99')]"
Viber Business login,Navigational,"[('Navigational', '0.989')]"
Telegram Business login,Navigational,"[('Navigational', '0.99')]"
Uber Business login,Navigational,"[('Navigational', '0.99')]"
Lyft Business login,Navigational,"[('Navigational', '0.99')]"
DoorDash Business login,Navigational,"[('Navigational', '0.989')]"
Grubhub Business login,Navigational,"[('Navigational', '0.99')]"
Postmates Business login,Navigational,"[('Navigational', '0.99')]"
Instacart Business login,Navigational,"[('Navigational', '0.99')]"
Zillow Business login,Navigational,"[('Navigational', '0.99')]"
Realtor.com Business login,Navigational,"[('Navigational', '0.99')]"
Trulia Business login,Navigational,"[('Navigational', '0.99')]"
Redfin Business login,Navigational,"[('Navigational', '0.99')]"
Airbnb Business login,Navigational,"[('Navigational', '0.99')]"
Booking.com Business login,Navigational,"[('Navigational', '0.99')]"
Expedia Business login,Navigational,"[('Navigational', '0.99')]"
Walmart Business login,Navigational,"[('Navigational', '0.99')]"
Target Business login,Navigational,"[('Navigational', '0.99')]"
Best Buy Business login,Navigational,"[('Navigational', '0.991')]"
Home Depot Business login,Navigational,"[('Navigational', '0.99')]"
Lowe's Business login,Navigational,"[('Navigational', '0.99')]"
CVS Business login,Navigational,"[('Navigational', '0.991')]"
Walgreens Business login,Navigational,"[('Navigational', '0.99')]"
Office Depot Business login,Navigational,"[('Navigational', '0.991')]"
Staples Business login,Navigational,"[('Navigational', '0.99')]"
Bank of America Business login,Navigational,"[('Navigational', '0.99')]"
Chase Bank Business login,Navigational,"[('Navigational', '0.99')]"
What is photosynthesis?,Informational,"[('Informational', '0.996')]"
How does solar energy work?,Informational,"[('Informational', '0.996')]"
Why do leaves change color in the fall?,Informational,"[('Informational', '0.996')]"
Who was Leonardo da Vinci?,Informational,"[('Informational', '0.996')]"
Where is the Great Barrier Reef located?,Informational,"[('Informational', '0.996')]"
When was the Declaration of Independence signed?,Informational,"[('Informational', '0.996')]"
How to bake a chocolate cake?,Informational,"[('Informational', '0.996')]"
What causes earthquakes?,Informational,"[('Informational', '0.996')]"
How to improve concentration?,Informational,"[('Informational', '0.996')]"
Why is water essential for life?,Informational,"[('Informational', '0.996')]"
What is climate change?,Informational,"[('Informational', '0.996')]"
How do plants grow?,Informational,"[('Informational', '0.996')]"
Why is the sky blue?,Informational,"[('Informational', '0.996')]"
How does the human brain work?,Informational,"[('Informational', '0.996')]"
What is the history of the Eiffel Tower?,Informational,"[('Informational', '0.996')]"
How to tie a tie?,Informational,"[('Informational', '0.996')]"
Why do birds migrate?,Informational,"[('Informational', '0.996')]"
"What is the meaning of ""carpe diem""?",Informational,"[('Informational', '0.996')]"
How to meditate for beginners?,Informational,"[('Informational', '0.996')]"
What are renewable energy sources?,Informational,"[('Informational', '0.996')]"
How do antibiotics work?,Informational,"[('Informational', '0.996')]"
Why is exercise important?,Informational,"[('Informational', '0.996')]"
How to take care of a pet cat?,Informational,"[('Informational', '0.996')]"
What is the theory of relativity?,Informational,"[('Informational', '0.996')]"
How to write a resume?,Informational,"[('Informational', '0.996')]"
Why do stars twinkle?,Informational,"[('Informational', '0.996')]"
What are the benefits of eating vegetables?,Informational,"[('Informational', '0.996')]"
How to grow a bonsai tree?,Informational,"[('Informational', '0.996')]"
Why do people dream?,Informational,"[('Informational', '0.996')]"
How does the internet work?,Informational,"[('Informational', '0.996')]"
What is the process of digestion?,Informational,"[('Informational', '0.996')]"
How to start a blog?,Informational,"[('Informational', '0.996')]"
Why is the Amazon rainforest important?,Informational,"[('Informational', '0.996')]"
What are the different types of clouds?,Informational,"[('Informational', '0.996')]"
How to make homemade pizza?,Informational,"[('Informational', '0.996')]"
Why is recycling important?,Informational,"[('Informational', '0.996')]"
What is the water cycle?,Informational,"[('Informational', '0.996')]"
How to learn a new language?,Informational,"[('Informational', '0.996')]"
Why do earthquakes happen more in certain areas?,Informational,"[('Informational', '0.996')]"
What are the Seven Wonders of the World?,Informational,"[('Informational', '0.996')]"
How to draw a realistic portrait?,Informational,"[('Informational', '0.996')]"
Why is the moon sometimes visible during the day?,Informational,"[('Informational', '0.996')]"
What is the theory of evolution?,Informational,"[('Informational', '0.996')]"
How to do basic first aid?,Informational,"[('Informational', '0.996')]"
Why do leaves fall off trees in the fall?,Informational,"[('Informational', '0.996')]"
What is the history of ancient Rome?,Informational,"[('Informational', '0.996')]"
How to take care of indoor plants?,Informational,"[('Informational', '0.996')]"
Why do some animals hibernate?,Informational,"[('Informational', '0.996')]"
What is the concept of time?,Informational,"[('Informational', '0.996')]"
How to cook pasta al dente?,Informational,"[('Informational', '0.996')]"
Best laptop for graphic design,Commercial,"[('Commercial', '0.99')]"
Affordable running shoes,Commercial,"[('Commercial', '0.993')]"
Buy gaming console online,Commercial,"[('Commercial', '0.974'), ('Transactional', '0.58')]"
Discounted winter coats,Commercial,"[('Commercial', '0.993')]"
Top rated wireless headphones,Commercial,"[('Commercial', '0.99')]"
Cheap smartphone deals,Commercial,"[('Commercial', '0.993')]"
Purchase yoga mat,Commercial,"[('Commercial', '0.914'), ('Transactional', '0.824')]"
Budget-friendly home decor,Commercial,"[('Commercial', '0.993')]"
Best deals on kitchen appliances,Commercial,"[('Commercial', '0.993')]"
Buy organic skincare products,Commercial,"[('Commercial', '0.993')]"
Affordable digital cameras,Commercial,"[('Commercial', '0.993')]"
Purchase office furniture online,Commercial,"[('Commercial', '0.946'), ('Transactional', '0.804')]"
Discounted luxury watches,Commercial,"[('Commercial', '0.993')]"
Best budget-friendly laptops,Commercial,"[('Commercial', '0.993')]"
Buy eco-friendly cleaning products,Commercial,"[('Commercial', '0.993')]"
Cheap flight tickets to Europe,Commercial,"[('Commercial', '0.992')]"
Purchase outdoor camping gear,Commercial,"[('Commercial', '0.98'), ('Transactional', '0.562')]"
Affordable baby strollers,Commercial,"[('Commercial', '0.993')]"
Buy energy-efficient light bulbs,Commercial,"[('Commercial', '0.993')]"
Discounted fitness equipment,Commercial,"[('Commercial', '0.993')]"
Best deals on smart TVs,Commercial,"[('Commercial', '0.993')]"
Affordable jewelry online,Commercial,"[('Commercial', '0.993')]"
Buy home gym equipment,Commercial,"[('Transactional', '0.982')]"
Cheap car rental services,Commercial,"[('Commercial', '0.993')]"
Purchase solar panels,Commercial,"[('Commercial', '0.987')]"
Discounted camping tents,Commercial,"[('Commercial', '0.993')]"
Best deals on home security systems,Commercial,"[('Commercial', '0.993')]"
Affordable musical instruments,Commercial,"[('Commercial', '0.993')]"
Buy sustainable clothing,Commercial,"[('Commercial', '0.993')]"
Cheap travel packages,Commercial,"[('Commercial', '0.993')]"
Purchase DIY home improvement tools,Commercial,"[('Commercial', '0.99')]"
Discounted wireless routers,Commercial,"[('Commercial', '0.993')]"
Best budget-friendly smartphones,Commercial,"[('Commercial', '0.993')]"
Affordable pet supplies,Commercial,"[('Commercial', '0.993')]"
Buy eco-friendly household products,Commercial,"[('Commercial', '0.993')]"
Cheap furniture sets,Commercial,"[('Commercial', '0.992')]"
Purchase professional camera gear,Commercial,"[('Commercial', '0.987')]"
Discounted gaming laptops,Commercial,"[('Commercial', '0.993')]"
Best deals on outdoor furniture,Commercial,"[('Commercial', '0.993')]"
Affordable beauty products,Commercial,"[('Commercial', '0.993')]"
Buy eco-friendly gardening tools,Commercial,"[('Commercial', '0.993')]"
Cheap workout apparel,Commercial,"[('Commercial', '0.993')]"
Purchase eco-friendly home appliances,Commercial,"[('Commercial', '0.993')]"
Discounted headphones and speakers,Commercial,"[('Commercial', '0.993')]"
Best budget-friendly fashion brands,Commercial,"[('Commercial', '0.993')]"
Affordable art supplies,Commercial,"[('Commercial', '0.993')]"
Buy sustainable kitchenware,Commercial,"[('Commercial', '0.993')]"
Cheap camping essentials,Commercial,"[('Commercial', '0.993')]"
Purchase energy-efficient appliances,Commercial,"[('Commercial', '0.993')]"
Discounted smart home devices,Commercial,"[('Commercial', '0.993')]"
Best deals on fitness trackers,Commercial,"[('Commercial', '0.993')]"
Affordable luxury handbags,Commercial,"[('Commercial', '0.993')]"
Buy eco-friendly office supplies,Commercial,"[('Commercial', '0.993')]"
Cheap hiking gear,Commercial,"[('Commercial', '0.993')]"
Purchase solar-powered gadgets,Commercial,"[('Commercial', '0.993')]"
Discounted vacuum cleaners,Commercial,"[('Commercial', '0.993')]"
Best budget-friendly home gym equipment,Commercial,"[('Commercial', '0.993')]"
Affordable wireless earbuds,Commercial,"[('Commercial', '0.993')]"
Buy eco-friendly cleaning tools,Commercial,"[('Commercial', '0.993')]"
Cheap outdoor recreation gear,Commercial,"[('Commercial', '0.993')]"
Purchase energy-efficient light fixtures,Commercial,"[('Commercial', '0.993')]"
Discounted fitness wearables,Commercial,"[('Commercial', '0.993')]"
Best deals on electric cars,Commercial,"[('Commercial', '0.993')]"
Affordable home organization products,Commercial,"[('Commercial', '0.993')]"
Buy sustainable fashion,Commercial,"[('Commercial', '0.992')]"
Cheap gardening supplies,Commercial,"[('Commercial', '0.993')]"
Purchase energy-efficient heating systems,Commercial,"[('Commercial', '0.993')]"
Discounted home security cameras,Commercial,"[('Commercial', '0.993')]"
Best budget-friendly streaming devices,Commercial,"[('Commercial', '0.993')]"
Affordable eco-friendly skincare,Commercial,"[('Commercial', '0.993')]"
Buy green cleaning supplies,Commercial,"[('Commercial', '0.906'), ('Transactional', '0.886')]"
Cheap pet accessories,Commercial,"[('Commercial', '0.993')]"
Purchase energy-efficient appliances,Commercial,"[('Commercial', '0.993')]"
Discounted eco-friendly office furniture,Commercial,"[('Commercial', '0.993')]"
Best deals on sustainable home decor,Commercial,"[('Commercial', '0.993')]"
Affordable reusable kitchen products,Commercial,"[('Commercial', '0.993')]"
Buy organic clothing,Commercial,"[('Commercial', '0.992')]"
Cheap sustainable home improvement tools,Commercial,"[('Commercial', '0.993')]"
Purchase energy-efficient cooling systems,Commercial,"[('Commercial', '0.993')]"
Discounted eco-friendly outdoor furniture,Commercial,"[('Commercial', '0.993')]"
Best budget-friendly electric bikes,Commercial,"[('Commercial', '0.993')]"
Affordable reusable household items,Commercial,"[('Commercial', '0.993')]"
Buy sustainable shoes,Commercial,"[('Commercial', '0.993')]"
Cheap eco-friendly gardening supplies,Commercial,"[('Commercial', '0.993')]"
Purchase energy-efficient water heaters,Commercial,"[('Commercial', '0.993')]"
Discounted eco-friendly bathroom products,Commercial,"[('Commercial', '0.993')]"
Best deals on hybrid cars,Commercial,"[('Commercial', '0.993')]"
Affordable reusable cleaning products,Commercial,"[('Commercial', '0.993')]"
Buy eco-friendly baby products,Commercial,"[('Commercial', '0.993')]"
Cheap eco-friendly office supplies,Commercial,"[('Commercial', '0.993')]"
Purchase energy-efficient home appliances,Commercial,"[('Commercial', '0.993')]"
Discounted eco-friendly lighting options,Commercial,"[('Commercial', '0.993')]"
Best budget-friendly solar panels,Commercial,"[('Commercial', '0.993')]"
Affordable sustainable beauty products,Commercial,"[('Commercial', '0.992')]"
Buy organic skincare,Commercial,"[('Commercial', '0.993')]"
Cheap eco-friendly kitchenware,Commercial,"[('Commercial', '0.993')]"
Purchase energy-efficient windows,Commercial,"[('Commercial', '0.993')]"
Discounted eco-friendly outdoor gear,Commercial,"[('Commercial', '0.993')]"
Best deals on electric scooters,Commercial,"[('Commercial', '0.993')]"
Affordable reusable fashion,Commercial,"[('Commercial', '0.993')]"
Buy sustainable activewear,Commercial,"[('Commercial', '0.993')]"
Cheap eco-friendly cleaning supplies,Commercial,"[('Commercial', '0.993')]"
Purchase energy-efficient home heating systems,Commercial,"[('Commercial', '0.993')]"
Discounted eco-friendly home decor,Commercial,"[('Commercial', '0.993')]"
Best budget-friendly smart home devices,Commercial,"[('Commercial', '0.993')]"
Affordable reusable shopping bags,Commercial,"[('Commercial', '0.993')]"
Buy organic food products,Commercial,"[('Commercial', '0.992')]"
Cheap eco-friendly gardening tools,Commercial,"[('Commercial', '0.993')]"
Purchase energy-efficient home cooling systems,Commercial,"[('Commercial', '0.993')]"
Discounted eco-friendly furniture,Commercial,"[('Commercial', '0.993')]"
Best deals on hybrid SUVs,Commercial,"[('Commercial', '0.992')]"
Affordable sustainable jewelry,Commercial,"[('Commercial', '0.993')]"
Buy eco-friendly beauty products,Commercial,"[('Commercial', '0.993')]"
Cheap eco-friendly office furniture,Commercial,"[('Commercial', '0.993')]"
Purchase energy-efficient appliances,Commercial,"[('Commercial', '0.993')]"
Discounted eco-friendly bathroom decor,Commercial,"[('Commercial', '0.993')]"
Best budget-friendly electric cars,Commercial,"[('Commercial', '0.993')]"
Affordable reusable kitchen appliances,Commercial,"[('Commercial', '0.993')]"
Buy organic household products,Commercial,"[('Commercial', '0.993')]"
Cheap sustainable clothing brands,Commercial,"[('Commercial', '0.993')]"
Purchase energy-efficient lighting solutions,Commercial,"[('Commercial', '0.993')]"
Discounted eco-friendly outdoor furniture,Commercial,"[('Commercial', '0.993')]"
Best deals on electric bicycles,Commercial,"[('Commercial', '0.993')]"
Affordable reusable household goods,Commercial,"[('Commercial', '0.993')]"
Buy sustainable footwear,Commercial,"[('Commercial', '0.993')]"
Cheap eco-friendly kitchen products,Commercial,"[('Commercial', '0.993')]"
Purchase energy-efficient water systems,Commercial,"[('Commercial', '0.993')]"
Discounted eco-friendly gardening equipment,Commercial,"[('Commercial', '0.993')]"
Best budget-friendly solar panels for home,Commercial,"[('Commercial', '0.993')]"
Affordable sustainable skincare,Commercial,"[('Commercial', '0.993')]"
Buy organic makeup products,Commercial,"[('Commercial', '0.992')]"
Cheap eco-friendly cleaning tools,Commercial,"[('Commercial', '0.993')]"
Purchase energy-efficient home insulation,Commercial,"[('Commercial', '0.993')]"
Discounted eco-friendly bedroom decor,Commercial,"[('Commercial', '0.993')]"
Best deals on hybrid sedans,Commercial,"[('Commercial', '0.993')]"
Affordable reusable beauty products,Commercial,"[('Commercial', '0.993')]"
Buy eco-friendly hair care items,Commercial,"[('Commercial', '0.993')]"
Cheap eco-friendly office supplies,Commercial,"[('Commercial', '0.993')]"
Purchase energy-efficient appliances for kitchen,Commercial,"[('Commercial', '0.993')]"
Discounted eco-friendly living room furniture,Commercial,"[('Commercial', '0.993')]"
Best budget-friendly electric SUVs,Commercial,"[('Commercial', '0.993')]"
Affordable sustainable clothing stores,Commercial,"[('Commercial', '0.993')]"
Buy organic cleaning supplies,Commercial,"[('Commercial', '0.992')]"
Cheap eco-friendly bathroom products,Commercial,"[('Commercial', '0.993')]"
Purchase energy-efficient home cooling solutions,Commercial,"[('Commercial', '0.993')]"
Discounted eco-friendly outdoor apparel,Commercial,"[('Commercial', '0.993')]"
Best deals on electric motorcycles,Commercial,"[('Commercial', '0.993')]"
Affordable reusable home goods,Commercial,"[('Commercial', '0.993')]"
Buy sustainable fashion accessories,Commercial,"[('Commercial', '0.992')]"
Cheap eco-friendly pet products,Commercial,"[('Commercial', '0.993')]"
Purchase energy-efficient lighting fixtures,Commercial,"[('Commercial', '0.993')]"
Discounted eco-friendly dining room furniture,Commercial,"[('Commercial', '0.993')]"
Best budget-friendly solar power systems,Commercial,"[('Commercial', '0.993')]"
Affordable sustainable beauty brands,Commercial,"[('Commercial', '0.993')]"
Buy organic skincare products,Commercial,"[('Commercial', '0.993')]"
Cheap eco-friendly gardening supplies,Commercial,"[('Commercial', '0.993')]"
Purchase energy-efficient appliances for laundry,Commercial,"[('Commercial', '0.993')]"
Discounted eco-friendly outdoor lighting,Commercial,"[('Commercial', '0.993')]"
Best deals on hybrid trucks,Commercial,"[('Commercial', '0.993')]"
Affordable reusable fashion brands,Commercial,"[('Commercial', '0.993')]"
Buy sustainable activewear,Commercial,"[('Commercial', '0.993')]"
Cheap eco-friendly cleaning products,Commercial,"[('Commercial', '0.993')]"
Purchase energy-efficient home heating solutions,Commercial,"[('Commercial', '0.993')]"
Discounted eco-friendly patio furniture,Commercial,"[('Commercial', '0.993')]"
Best budget-friendly electric trucks,Commercial,"[('Commercial', '0.993')]"
Affordable reusable kitchenware,Commercial,"[('Commercial', '0.993')]"
Buy organic cooking supplies,Commercial,"[('Commercial', '0.992')]"
Cheap eco-friendly kitchen tools,Commercial,"[('Commercial', '0.993')]"
Purchase energy-efficient water systems,Commercial,"[('Commercial', '0.993')]"
Discounted eco-friendly camping gear,Commercial,"[('Commercial', '0.993')]"
Best deals on electric vans,Commercial,"[('Commercial', '0.993')]"
Affordable sustainable clothing lines,Commercial,"[('Commercial', '0.993')]"
Buy eco-friendly travel accessories,Commercial,"[('Commercial', '0.993')]"
Cheap eco-friendly bathroom supplies,Commercial,"[('Commercial', '0.993')]"
Purchase energy-efficient home insulation,Commercial,"[('Commercial', '0.993')]"
Discounted eco-friendly outdoor decor,Commercial,"[('Commercial', '0.993')]"
Best budget-friendly solar water heaters,Commercial,"[('Commercial', '0.993')]"
Affordable sustainable shoe brands,Commercial,"[('Commercial', '0.993')]"
Buy organic clothing,Commercial,"[('Commercial', '0.992')]"
Cheap eco-friendly gardening equipment,Commercial,"[('Commercial', '0.993')]"
Purchase energy-efficient appliances for home,Commercial,"[('Commercial', '0.993')]"
Discounted eco-friendly bedroom furniture,Commercial,"[('Commercial', '0.993')]"
Best deals on electric buses,Commercial,"[('Commercial', '0.993')]"
Affordable reusable household items,Commercial,"[('Commercial', '0.993')]"
Buy sustainable fashion,Commercial,"[('Commercial', '0.992')]"
Cheap eco-friendly cleaning supplies,Commercial,"[('Commercial', '0.993')]"
Purchase energy-efficient home cooling systems,Commercial,"[('Commercial', '0.993')]"
Discounted eco-friendly living room decor,Commercial,"[('Commercial', '0.993')]"
Best budget-friendly solar panels for business,Commercial,"[('Commercial', '0.993')]"
Affordable sustainable jewelry brands,Commercial,"[('Commercial', '0.993')]"
Buy organic makeup,Commercial,"[('Commercial', '0.991')]"
Cheap eco-friendly office products,Commercial,"[('Commercial', '0.993')]"
Purchase energy-efficient appliances for kitchen,Commercial,"[('Commercial', '0.993')]"
Discounted eco-friendly dining room decor,Commercial,"[('Commercial', '0.993')]"
Best deals on hybrid vans,Commercial,"[('Commercial', '0.993')]"
Affordable reusable home products,Commercial,"[('Commercial', '0.993')]"
Buy sustainable fashion accessories,Commercial,"[('Commercial', '0.992')]"
Cheap eco-friendly pet supplies,Commercial,"[('Commercial', '0.993')]"
Purchase energy-efficient lighting solutions,Commercial,"[('Commercial', '0.993')]"
Discounted eco-friendly patio decor,Commercial,"[('Commercial', '0.993')]"
Buy iPhone 13,Transactional,"[('Transactional', '0.986')]"
Purchase laptop online,Transactional,"[('Transactional', '0.954'), ('Commercial', '0.756')]"
Order fitness tracker,Transactional,"[('Transactional', '0.988')]"
Shop for running shoes,Transactional,"[('Transactional', '0.988')]"
Buy gaming console,Transactional,"[('Transactional', '0.983')]"
Purchase digital camera,Transactional,"[('Transactional', '0.985')]"
Get headphones online,Transactional,"[('Transactional', '0.986')]"
Buy home gym equipment,Transactional,"[('Transactional', '0.982')]"
Purchase cookware set,Transactional,"[('Transactional', '0.988')]"
Order smartwatch,Transactional,"[('Transactional', '0.987')]"
Shop for outdoor furniture,Transactional,"[('Transactional', '0.989')]"
Buy skincare products,Transactional,"[('Transactional', '0.987')]"
Purchase yoga mat,Transactional,"[('Commercial', '0.914'), ('Transactional', '0.824')]"
Get wireless earbuds,Transactional,"[('Transactional', '0.987')]"
Order garden tools,Transactional,"[('Transactional', '0.989')]"
Buy baby stroller,Transactional,"[('Transactional', '0.988')]"
Purchase bicycle accessories,Transactional,"[('Transactional', '0.988')]"
Shop for camping gear,Transactional,"[('Transactional', '0.988')]"
Buy office chair online,Transactional,"[('Commercial', '0.937'), ('Transactional', '0.817')]"
Purchase sewing machine,Transactional,"[('Transactional', '0.988')]"
Order pet grooming supplies,Transactional,"[('Transactional', '0.988')]"
Get coffee machine,Transactional,"[('Transactional', '0.987')]"
Buy backpacking gear,Transactional,"[('Transactional', '0.988')]"
Purchase drone,Transactional,"[('Transactional', '0.987')]"
Shop for workout clothes,Transactional,"[('Transactional', '0.988')]"
Buy camping tent,Transactional,"[('Transactional', '0.988')]"
Purchase telescope,Transactional,"[('Transactional', '0.983')]"
Order makeup kit,Transactional,"[('Transactional', '0.988')]"
Get fishing equipment,Transactional,"[('Transactional', '0.988')]"
Buy musical instruments,Transactional,"[('Transactional', '0.988')]"
Purchase power tools,Transactional,"[('Transactional', '0.987')]"
Shop for board games,Transactional,"[('Transactional', '0.988')]"
Buy party decorations,Transactional,"[('Transactional', '0.988')]"
Purchase kitchen appliances,Transactional,"[('Transactional', '0.988')]"
Order fitness equipment,Transactional,"[('Transactional', '0.988')]"
Get gardening supplies,Transactional,"[('Transactional', '0.989')]"
Buy outdoor grill,Transactional,"[('Transactional', '0.988')]"
Purchase vacuum cleaner,Transactional,"[('Transactional', '0.988')]"
Shop for computer accessories,Transactional,"[('Transactional', '0.988')]"
Buy home decor items,Transactional,"[('Transactional', '0.988')]"
Purchase car accessories,Transactional,"[('Transactional', '0.988')]"
Order art supplies,Transactional,"[('Transactional', '0.989')]"
Get cooking utensils,Transactional,"[('Transactional', '0.988')]"
Buy home theater system,Transactional,"[('Transactional', '0.988')]"
Purchase baby products,Transactional,"[('Transactional', '0.988')]"
Shop for hiking boots,Transactional,"[('Transactional', '0.988')]"
Buy cycling gear,Transactional,"[('Transactional', '0.988')]"
Purchase water filter,Transactional,"[('Transactional', '0.988')]"
Order soundbar,Transactional,"[('Transactional', '0.987')]"
Get fitness apparel,Transactional,"[('Transactional', '0.988')]"
Buy camping essentials,Transactional,"[('Transactional', '0.988')]"
Purchase air purifier,Transactional,"[('Transactional', '0.987')]"
Shop for skincare products,Transactional,"[('Transactional', '0.988')]"
Buy photography gear,Transactional,"[('Transactional', '0.989')]"
Purchase home security system,Transactional,"[('Transactional', '0.988')]"
Order grooming products,Transactional,"[('Transactional', '0.988')]"
Get wireless speakers,Transactional,"[('Transactional', '0.988')]"
Buy party supplies,Transactional,"[('Transactional', '0.988')]"
Purchase gaming accessories,Transactional,"[('Transactional', '0.988')]"
Shop for musical instruments,Transactional,"[('Transactional', '0.988')]"
Buy outdoor lighting,Transactional,"[('Transactional', '0.988')]"
Purchase fitness tracker,Transactional,"[('Transactional', '0.988')]"
Order pet supplies online,Transactional,"[('Transactional', '0.988')]"
Get painting supplies,Transactional,"[('Transactional', '0.988')]"
Buy home office furniture,Transactional,"[('Transactional', '0.985')]"
Purchase camping accessories,Transactional,"[('Transactional', '0.988')]"
Shop for DJ equipment,Transactional,"[('Transactional', '0.988')]"
Buy kitchen gadgets,Transactional,"[('Transactional', '0.988')]"
Purchase bike accessories,Transactional,"[('Transactional', '0.989')]"
Order gardening tools,Transactional,"[('Transactional', '0.988')]"
Get camping gear,Transactional,"[('Transactional', '0.988')]"
Buy hiking gear online,Transactional,"[('Transactional', '0.988')]"
Purchase workout equipment,Transactional,"[('Transactional', '0.988')]"
Shop for cooking appliances,Transactional,"[('Transactional', '0.988')]"
Buy outdoor clothing,Transactional,"[('Transactional', '0.989')]"
Purchase pet products,Transactional,"[('Transactional', '0.988')]"
Order fishing gear,Transactional,"[('Transactional', '0.988')]"
Get art materials,Transactional,"[('Transactional', '0.987')]"
Buy car care products,Transactional,"[('Transactional', '0.988')]"
Purchase hiking boots,Transactional,"[('Transactional', '0.988')]"
Shop for party decorations,Transactional,"[('Transactional', '0.987')]"
Buy cycling accessories,Transactional,"[('Transactional', '0.989')]"
Purchase musical instruments,Transactional,"[('Transactional', '0.987')]"
Order home theater system,Transactional,"[('Transactional', '0.988')]"
Get photography equipment,Transactional,"[('Transactional', '0.988')]"
Buy outdoor furniture,Transactional,"[('Transactional', '0.989')]"
Purchase gaming headset,Transactional,"[('Transactional', '0.984')]"
Shop for home security cameras,Transactional,"[('Transactional', '0.988')]"
Buy fitness accessories,Transactional,"[('Transactional', '0.989')]"
Purchase pet accessories,Transactional,"[('Transactional', '0.988')]"
Order camping gear online,Transactional,"[('Transactional', '0.988')]"
Get painting supplies,Transactional,"[('Transactional', '0.988')]"
Buy kitchen appliances,Transactional,"[('Transactional', '0.989')]"
Purchase outdoor lighting,Transactional,"[('Transactional', '0.987')]"
Shop for workout clothes,Transactional,"[('Transactional', '0.988')]"
Buy home decor items,Transactional,"[('Transactional', '0.988')]"
Purchase baby products,Transactional,"[('Transactional', '0.988')]"
Order photography gear,Transactional,"[('Transactional', '0.988')]"
Get hiking gear,Transactional,"[('Transactional', '0.987')]"
Buy camping accessories,Transactional,"[('Transactional', '0.989')]"
Purchase party supplies,Transactional,"[('Transactional', '0.988')]"
Shop for DJ equipment,Transactional,"[('Transactional', '0.988')]"
Buy cooking utensils,Transactional,"[('Transactional', '0.988')]"
Purchase wireless headphones,Transactional,"[('Transactional', '0.966'), ('Commercial', '0.623')]"
Order fitness apparel,Transactional,"[('Transactional', '0.988')]"
Get musical instruments,Transactional,"[('Transactional', '0.987')]"
Buy pet grooming supplies,Transactional,"[('Transactional', '0.988')]"
Purchase garden tools,Transactional,"[('Transactional', '0.988')]"
Shop for fishing equipment,Transactional,"[('Transactional', '0.988')]"
Buy gaming console,Transactional,"[('Transactional', '0.983')]"
Purchase home office furniture,Transactional,"[('Transactional', '0.984')]"
Order outdoor clothing,Transactional,"[('Transactional', '0.989')]"
Get air purifier,Transactional,"[('Transactional', '0.987')]"
Buy home gym equipment,Transactional,"[('Transactional', '0.982')]"
Purchase kitchen gadgets,Transactional,"[('Transactional', '0.988')]"
Shop for bike accessories,Transactional,"[('Transactional', '0.988')]"
Buy painting supplies,Transactional,"[('Transactional', '0.989')]"
Purchase party decorations,Transactional,"[('Transactional', '0.988')]"
Order car accessories,Transactional,"[('Transactional', '0.988')]"
Get makeup kit,Transactional,"[('Transactional', '0.988')]"
Buy outdoor grill,Transactional,"[('Transactional', '0.988')]"
Purchase home theater system,Transactional,"[('Transactional', '0.986')]"
Shop for fitness tracker,Transactional,"[('Transactional', '0.988')]"
Buy pet supplies online,Transactional,"[('Transactional', '0.988')]"
Purchase photography equipment,Transactional,"[('Transactional', '0.988')]"
Order camping gear,Transactional,"[('Transactional', '0.988')]"
Get gardening supplies,Transactional,"[('Transactional', '0.989')]"
Buy workout equipment,Transactional,"[('Transactional', '0.988')]"
Purchase board games,Transactional,"[('Transactional', '0.988')]"
Shop for baby products,Transactional,"[('Transactional', '0.988')]"
Buy musical instruments online,Transactional,"[('Transactional', '0.988')]"
Purchase wireless speakers,Transactional,"[('Transactional', '0.986')]"
Order art supplies,Transactional,"[('Transactional', '0.989')]"
Get hiking boots,Transactional,"[('Transactional', '0.988')]"
Buy gaming accessories,Transactional,"[('Transactional', '0.988')]"
Purchase DJ equipment,Transactional,"[('Transactional', '0.988')]"
Shop for cooking appliances,Transactional,"[('Transactional', '0.988')]"
Buy home security system,Transactional,"[('Transactional', '0.988')]"
Purchase fitness accessories,Transactional,"[('Transactional', '0.989')]"
Order pet accessories,Transactional,"[('Transactional', '0.988')]"
Get camping accessories,Transactional,"[('Transactional', '0.989')]"
Buy outdoor lighting,Transactional,"[('Transactional', '0.988')]"
Purchase car care products,Transactional,"[('Transactional', '0.988')]"
Shop for party supplies,Transactional,"[('Transactional', '0.987')]"
Buy kitchen appliances online,Transactional,"[('Transactional', '0.987')]"
Purchase photography gear,Transactional,"[('Transactional', '0.988')]"
Order workout clothes,Transactional,"[('Transactional', '0.988')]"
Get home decor items,Transactional,"[('Transactional', '0.988')]"
Buy baby stroller online,Transactional,"[('Transactional', '0.988')]"
Purchase home gym equipment,Transactional,"[('Transactional', '0.986')]"
Shop for makeup kit,Transactional,"[('Transactional', '0.988')]"
Buy pet grooming supplies,Transactional,"[('Transactional', '0.988')]"
Purchase outdoor furniture,Transactional,"[('Transactional', '0.988')]"
Order gardening tools,Transactional,"[('Transactional', '0.988')]"
Get wireless headphones,Transactional,"[('Transactional', '0.988')]"
Buy musical instruments,Transactional,"[('Transactional', '0.988')]"
Purchase fitness tracker,Transactional,"[('Transactional', '0.988')]"
Shop for gaming accessories,Transactional,"[('Transactional', '0.988')]"
Buy cooking utensils online,Transactional,"[('Transactional', '0.988')]"
Purchase air purifier,Transactional,"[('Transactional', '0.987')]"
Order board games,Transactional,"[('Transactional', '0.988')]"
Get outdoor grill,Transactional,"[('Transactional', '0.988')]"
Buy home office furniture,Transactional,"[('Transactional', '0.985')]"
Purchase workout equipment,Transactional,"[('Transactional', '0.988')]"
Shop for painting supplies,Transactional,"[('Transactional', '0.988')]"
Buy party decorations online,Transactional,"[('Transactional', '0.988')]"
Purchase car accessories,Transactional,"[('Transactional', '0.988')]"
Order home theater system,Transactional,"[('Transactional', '0.988')]"
Get kitchen gadgets,Transactional,"[('Transactional', '0.987')]"
Buy baby products online,Transactional,"[('Transactional', '0.988')]"
Purchase pet supplies,Transactional,"[('Transactional', '0.988')]"
Shop for photography equipment,Transactional,"[('Transactional', '0.988')]"
Buy fitness apparel,Transactional,"[('Transactional', '0.988')]"
Purchase DJ equipment,Transactional,"[('Transactional', '0.988')]"
Order wireless speakers,Transactional,"[('Transactional', '0.988')]"
Get camping gear,Transactional,"[('Transactional', '0.988')]"
Buy gardening supplies online,Transactional,"[('Transactional', '0.988')]"
Purchase makeup kit,Transactional,"[('Transactional', '0.988')]"
Shop for musical instruments,Transactional,"[('Transactional', '0.988')]"
Buy outdoor lighting,Transactional,"[('Transactional', '0.988')]"
Purchase pet grooming supplies,Transactional,"[('Transactional', '0.988')]"
Order home decor items,Transactional,"[('Transactional', '0.988')]"
Get home security system,Transactional,"[('Transactional', '0.987')]"
Buy workout clothes online,Transactional,"[('Transactional', '0.988')]"
Purchase gaming accessories,Transactional,"[('Transactional', '0.988')]"
Shop for cooking appliances,Transactional,"[('Transactional', '0.988')]"
Buy fitness tracker online,Transactional,"[('Transactional', '0.986')]"
Purchase outdoor furniture,Transactional,"[('Transactional', '0.988')]"
Order photography gear,Transactional,"[('Transactional', '0.988')]"
Get painting supplies,Transactional,"[('Transactional', '0.988')]"
Buy baby stroller,Transactional,"[('Transactional', '0.988')]"
Purchase kitchen appliances,Transactional,"[('Transactional', '0.988')]"
Shop for home office furniture,Transactional,"[('Transactional', '0.988')]"
Buy pet supplies online,Transactional,"[('Transactional', '0.988')]"
Purchase board games,Transactional,"[('Transactional', '0.988')]"
Order workout equipment,Transactional,"[('Transactional', '0.988')]"
Get makeup kit,Transactional,"[('Transactional', '0.988')]"
Buy gaming headset online,Transactional,"[('Transactional', '0.983')]"
Purchase party supplies,Transactional,"[('Transactional', '0.988')]"
Shop for DJ equipment,Transactional,"[('Transactional', '0.988')]"
Restaurants in Los Angeles,Local,"[('Informational', '0.976'), ('Commercial', '0.529')]"
Coffee shops near me,Local,"[('Informational', '0.98')]"
Dentist in New York City,Local,"[('Informational', '0.991')]"
Best pizza in Chicago,Local,"[('Commercial', '0.991')]"
Hair salons in Miami,Local,"[('Informational', '0.956'), ('Commercial', '0.866')]"
Bookstores near San Francisco,Local,"[('Informational', '0.976')]"
Gas stations in Houston,Local,"[('Informational', '0.96'), ('Commercial', '0.685')]"
Hotels in Las Vegas Strip,Local,"[('Informational', '0.988')]"
Gym memberships in Boston,Local,"[('Commercial', '0.87'), ('Informational', '0.857')]"
Boutiques in Seattle,Local,"[('Commercial', '0.853'), ('Informational', '0.853')]"
Dog parks near Denver,Local,"[('Commercial', '0.788'), ('Transactional', '0.707'), ('Informational', '0.623')]"
Pediatrician in Atlanta,Local,"[('Informational', '0.989')]"
Shopping malls in Dallas,Local,"[('Informational', '0.993')]"
Food delivery services in Portland,Local,"[('Commercial', '0.987')]"
Home cleaning services in Nashville,Local,"[('Commercial', '0.983')]"
Car repair shops in Phoenix,Local,"[('Commercial', '0.959'), ('Informational', '0.509')]"
Yoga studios in Austin,Local,"[('Commercial', '0.972'), ('Informational', '0.613')]"
Public parks in Central Park,Local,"[('Informational', '0.994')]"
Concert venues in New Orleans,Local,"[('Informational', '0.994')]"
Farmers' markets in San Diego,Local,"[('Commercial', '0.979'), ('Informational', '0.608')]"
Dog-friendly beaches in Miami,Local,"[('Commercial', '0.932'), ('Informational', '0.926')]"
Spa treatments in Beverly Hills,Local,"[('Informational', '0.957'), ('Commercial', '0.861')]"
Ice cream shops in Santa Monica,Local,"[('Informational', '0.897'), ('Commercial', '0.755')]"
Craft breweries in Portland,Local,"[('Commercial', '0.985')]"
Art galleries in Chelsea NYC,Local,"[('Informational', '0.987')]"
Hiking trails near Boulder,Local,"[('Informational', '0.993')]"
Sushi restaurants in Manhattan,Local,"[('Informational', '0.989'), ('Commercial', '0.563')]"
Historic sites in Charleston,Local,"[('Informational', '0.994')]"
Vegan restaurants in San Francisco,Local,"[('Informational', '0.972'), ('Commercial', '0.816')]"
Rooftop bars in Chicago,Local,"[('Commercial', '0.955'), ('Informational', '0.808')]"
Wine tasting in Napa Valley,Local,"[('Informational', '0.994')]"
Beach resorts in Hawaii,Local,"[('Informational', '0.993')]"
Ski resorts near Aspen,Local,"[('Informational', '0.993')]"
Barbecue restaurants in Kansas City,Local,"[('Informational', '0.988')]"
Wedding venues in Miami Beach,Local,"[('Informational', '0.957'), ('Commercial', '0.716')]"
Nightclubs in Las Vegas,Local,"[('Informational', '0.993')]"
Antique shops in Savannah,Local,"[('Informational', '0.985')]"
Outdoor activities in Lake Tahoe,Local,"[('Informational', '0.995')]"
Farmers' markets in Seattle,Local,"[('Commercial', '0.974'), ('Informational', '0.683')]"
Bowling alleys in Orlando,Local,"[('Informational', '0.988')]"
Running trails in Central Park,Local,"[('Informational', '0.995')]"
Family-friendly attractions in Disneyland,Local,"[('Informational', '0.994')]"
Theaters in Broadway NYC,Local,"[('Informational', '0.992')]"
Tourist attractions in Washington D.C.,Local,"[('Informational', '0.995')]"
Historic landmarks in Philadelphia,Local,"[('Informational', '0.995')]"
Golf courses in Palm Springs,Local,"[('Informational', '0.994')]"
Live music venues in Austin,Local,"[('Informational', '0.993')]"
Comedy clubs in Los Angeles,Local,"[('Informational', '0.993')]"
Craft fairs in Portland,Local,"[('Informational', '0.98'), ('Commercial', '0.518')]"
Yoga retreats in Sedona,Local,"[('Informational', '0.993')]"
Brewpubs in Denver,Local,"[('Commercial', '0.932'), ('Navigational', '0.792')]"
Beaches in Malibu,Local,"[('Informational', '0.995')]"
Shopping districts in SoHo NYC,Local,"[('Informational', '0.992')]"
Scenic drives in Blue Ridge Mountains,Local,"[('Informational', '0.994')]"
Farmers' markets in Portland,Local,"[('Commercial', '0.984')]"
Lakes for fishing in Minnesota,Local,"[('Informational', '0.992')]"
Art walks in Santa Fe,Local,"[('Informational', '0.995')]"
Dance clubs in Miami Beach,Local,"[('Informational', '0.994')]"
Picnic spots in Golden Gate Park,Local,"[('Informational', '0.994')]"
Fine dining in New York City,Local,"[('Informational', '0.979'), ('Commercial', '0.688')]"
Food truck festivals in Austin,Local,"[('Commercial', '0.933'), ('Informational', '0.854')]"
National parks in Yellowstone,Local,"[('Informational', '0.994')]"
Book readings in Brooklyn,Local,"[('Informational', '0.992')]"
Skydiving centers in Arizona,Local,"[('Informational', '0.995')]"
Biking trails in Portland,Local,"[('Informational', '0.994')]"
Luxury spas in Scottsdale,Local,"[('Commercial', '0.991')]"
Craft cocktail bars in New Orleans,Local,"[('Informational', '0.93'), ('Commercial', '0.775')]"
Surfing schools in Malibu,Local,"[('Informational', '0.994')]"
Distilleries in Kentucky,Local,"[('Informational', '0.986')]"
Waterfront dining in Boston,Local,"[('Commercial', '0.916'), ('Navigational', '0.612')]"
Art studios in Asheville,Local,"[('Commercial', '0.847'), ('Transactional', '0.755')]"
Wine bars in Sonoma,Local,"[('Informational', '0.963'), ('Commercial', '0.76')]"
Baseball games in Yankee Stadium,Local,"[('Informational', '0.988')]"
Fishing charters in Florida Keys,Local,"[('Informational', '0.955'), ('Commercial', '0.601')]"
Shopping outlets in Orlando,Local,"[('Commercial', '0.987')]"
Boutique hotels in San Francisco,Local,"[('Commercial', '0.967'), ('Informational', '0.746')]"
Wineries in Finger Lakes,Local,"[('Informational', '0.959'), ('Commercial', '0.794')]"
Food tours in San Antonio,Local,"[('Commercial', '0.984')]"
Scenic viewpoints in Grand Canyon,Local,"[('Informational', '0.995')]"
Kayaking spots in Puget Sound,Local,"[('Informational', '0.995')]"
Comedy shows in Chicago,Local,"[('Informational', '0.994')]"
Beachfront resorts in Cancun,Local,"[('Informational', '0.978'), ('Commercial', '0.706')]"
Jazz clubs in New Orleans,Local,"[('Informational', '0.995')]"
Dog-friendly parks in Portland,Local,"[('Commercial', '0.984'), ('Informational', '0.623')]"
Cultural festivals in Santa Fe,Local,"[('Informational', '0.995')]"
Beer gardens in Denver,Local,"[('Commercial', '0.948')]"
Spas in Miami Beach,Local,"[('Commercial', '0.88'), ('Informational', '0.866')]"
Music festivals in Coachella Valley,Local,"[('Informational', '0.995')]"
Historical museums in Boston,Local,"[('Informational', '0.993')]"
Paint and sip classes in Nashville,Local,"[('Informational', '0.863'), ('Commercial', '0.805')]"
Skiing resorts in Vermont,Local,"[('Informational', '0.993')]"
Amusement parks in Orlando,Local,"[('Informational', '0.984'), ('Commercial', '0.544')]"
Surfing beaches in Hawaii,Local,"[('Informational', '0.995')]"
Live theater in Broadway NYC,Local,"[('Informational', '0.971')]"
Farmers' markets in Austin,Local,"[('Commercial', '0.98'), ('Informational', '0.564')]"
Wineries in Napa Valley,Local,"[('Informational', '0.99'), ('Commercial', '0.528')]"
Music venues in Nashville,Local,"[('Informational', '0.992')]"
Boutique shopping in Beverly Hills,Local,"[('Commercial', '0.976')]"
Food trucks in Portland,Local,"[('Commercial', '0.976')]"
Horseback riding in Wyoming,Local,"[('Informational', '0.995')]"
Scenic overlooks in Smoky Mountains,Local,"[('Informational', '0.995')]"
Sailing tours in San Diego,Local,"[('Informational', '0.91'), ('Commercial', '0.758')]"
Jazz festivals in New Orleans,Local,"[('Informational', '0.995')]"
Public art installations in Chicago,Local,"[('Informational', '0.993')]"
Hot air balloon rides in Albuquerque,Local,"[('Informational', '0.995')]"
Salsa dancing clubs in Miami,Local,"[('Informational', '0.994')]"
Art galleries in Santa Fe,Local,"[('Informational', '0.993')]"
Comedy festivals in Montreal,Local,"[('Informational', '0.991')]"
Farmers' markets in Denver,Local,"[('Commercial', '0.979'), ('Informational', '0.556')]"
Hiking trails in Pacific Northwest,Local,"[('Informational', '0.995')]"
Wine tours in Willamette Valley,Local,"[('Informational', '0.992')]"
Performing arts theaters in New York City,Local,"[('Informational', '0.992')]"
Botanical gardens in Atlanta,Local,"[('Informational', '0.969'), ('Commercial', '0.562')]"
Food and wine events in Napa Valley,Local,"[('Informational', '0.995')]"
Waterfront parks in San Francisco,Local,"[('Informational', '0.988')]"
Ski resorts in Colorado,Local,"[('Informational', '0.994')]"
Sculpture gardens in Minneapolis,Local,"[('Commercial', '0.844'), ('Informational', '0.813')]"
Concerts in Los Angeles,Local,"[('Informational', '0.987')]"
Beer festivals in Portland,Local,"[('Informational', '0.99')]"
Lake activities in Lake Tahoe,Local,"[('Informational', '0.994')]"
Dance classes in New York City,Local,"[('Informational', '0.993')]"
Art walks in Wynwood Miami,Local,"[('Informational', '0.994')]"
Jazz bars in Kansas City,Local,"[('Informational', '0.995')]"
Craft shows in Portland,Local,"[('Informational', '0.98')]"
Farmers' markets in Seattle,Local,"[('Commercial', '0.974'), ('Informational', '0.683')]"
Vineyards in Sonoma County,Local,"[('Commercial', '0.924'), ('Informational', '0.741')]"
Music events in Austin,Local,"[('Informational', '0.994')]"
Outlet shopping in Woodbury Common,Local,"[('Commercial', '0.984')]"
Snowboarding parks in Utah,Local,"[('Informational', '0.995')]"
Beach activities in Myrtle Beach,Local,"[('Informational', '0.994')]"
Broadway shows in New York City,Local,"[('Informational', '0.993')]"
Wine tastings in Paso Robles,Local,"[('Informational', '0.993')]"
Art fairs in Chicago,Local,"[('Informational', '0.99')]"
Water sports in Florida Keys,Local,"[('Informational', '0.995')]"
Live comedy shows in Los Angeles,Local,"[('Informational', '0.994')]"
Natural parks in Colorado,Local,"[('Informational', '0.995')]"
Sculpture parks in Seattle,Local,"[('Informational', '0.961'), ('Commercial', '0.762')]"
Theater productions in Broadway NYC,Local,"[('Informational', '0.91'), ('Commercial', '0.583')]"
Craft markets in Portland,Local,"[('Commercial', '0.982')]"
Farmers' markets in San Francisco,Local,"[('Commercial', '0.923'), ('Informational', '0.894')]"
Food and wine tours in Napa Valley,Local,"[('Informational', '0.995')]"
Ski lodges in Lake Tahoe,Local,"[('Informational', '0.991')]"
Horseback riding trails in Montana,Local,"[('Informational', '0.995')]"
Outdoor concerts in Central Park,Local,"[('Informational', '0.995')]"
Dance clubs in Miami Beach,Local,"[('Informational', '0.994')]"
Art galleries in New Orleans,Local,"[('Informational', '0.994')]"
Rock climbing spots in Joshua Tree,Local,"[('Informational', '0.995')]"
Craft breweries in Portland,Local,"[('Commercial', '0.985')]"
Beach resorts in Caribbean,Local,"[('Informational', '0.992')]"
Nature trails in Great Smoky Mountains,Local,"[('Informational', '0.995')]"
Live music shows in Nashville,Local,"[('Informational', '0.994')]"
Wine bars in Austin,Local,"[('Informational', '0.971'), ('Commercial', '0.754')]"
Cultural museums in Washington D.C.,Local,"[('Informational', '0.991')]"
Shopping streets in Beverly Hills,Local,"[('Informational', '0.992')]"
Food festivals in Portland,Local,"[('Informational', '0.98'), ('Commercial', '0.669')]"
Lake cruises in Lake Michigan,Local,"[('Informational', '0.966'), ('Commercial', '0.55')]"
Historic tours in Boston,Local,"[('Informational', '0.987')]"
Cooking classes in New York City,Local,"[('Informational', '0.994')]"
Ski resorts in Lake Placid,Local,"[('Informational', '0.993')]"
Beach volleyball courts in Los Angeles,Local,"[('Informational', '0.993')]"
Broadway musicals in NYC,Local,"[('Informational', '0.994')]"
Wineries in Santa Barbara,Local,"[('Commercial', '0.92'), ('Informational', '0.873')]"
Art exhibitions in Los Angeles,Local,"[('Informational', '0.994')]"
Waterfront dining in Miami,Local,"[('Commercial', '0.914'), ('Navigational', '0.613')]"
Dance performances in New York City,Local,"[('Informational', '0.993')]"
Craft markets in Asheville,Local,"[('Commercial', '0.955'), ('Informational', '0.723')]"
Farmers' markets in Portland,Local,"[('Commercial', '0.984')]"
Wine tasting tours in Finger Lakes,Local,"[('Informational', '0.992')]"
Mountain biking trails in Colorado,Local,"[('Informational', '0.995')]"
Beachfront resorts in Florida,Local,"[('Informational', '0.972'), ('Commercial', '0.763')]"
Jazz concerts in New Orleans,Local,"[('Informational', '0.995')]"
Outdoor theater in Central Park,Local,"[('Informational', '0.982')]"
Nightclubs in Miami Beach,Local,"[('Informational', '0.994')]"
Art installations in Chicago,Local,"[('Informational', '0.99')]"
Food truck festivals in Portland,Local,"[('Commercial', '0.929'), ('Informational', '0.851')]"
Wine bars in Napa Valley,Local,"[('Informational', '0.991')]"
Outdoor markets in Seattle,Local,"[('Commercial', '0.974'), ('Informational', '0.643')]"
Scenic boat tours in San Francisco Bay,Local,"[('Informational', '0.99')]"
Running events in Boston,Local,"[('Informational', '0.994')]"
Yoga retreats in Hawaii,Local,"[('Informational', '0.995')]"
Farmers' markets in Austin,Local,"[('Commercial', '0.98'), ('Informational', '0.564')]"
Wineries in Oregon,Local,"[('Informational', '0.988')]"
Symphony orchestras in New York City,Local,"[('Informational', '0.994')]"
Shopping districts in Manhattan,Local,"[('Informational', '0.993')]"
Food tours in New Orleans,Local,"[('Commercial', '0.961'), ('Informational', '0.681')]"
Ski resorts in Aspen,Local,"[('Informational', '0.993')]"
Beachfront hotels in Miami,Local,"[('Informational', '0.893'), ('Commercial', '0.87')]"
Salsa dancing lessons in Los Angeles,Local,"[('Informational', '0.993')]"
Outdoor sculpture parks in Seattle,Local,"[('Informational', '0.974'), ('Commercial', '0.719')]"
Theater performances in Broadway NYC,Local,"[('Informational', '0.989')]"
Comedy clubs in Chicago,Local,"[('Informational', '0.994')]"
Farmers' markets in Portland,Local,"[('Commercial', '0.984')]"
Wine tasting rooms in Temecula,Local,"[('Informational', '0.985'), ('Commercial', '0.644')]"
Historic sites in Boston,Local,"[('Informational', '0.994')]"
River cruises in Chicago,Local,"[('Commercial', '0.948')]"
Outdoor concerts in Austin,Local,"[('Informational', '0.993')]"
Dance workshops in New York City,Local,"[('Informational', '0.976'), ('Commercial', '0.672')]"
Art galleries in Miami,Local,"[('Informational', '0.988')]"
Craft beer festivals in Portland,Local,"[('Informational', '0.962'), ('Commercial', '0.833')]"
Beach volleyball tournaments in California,Local,"[('Informational', '0.995')]"
What is photosynthesis?,Informational,"[('Informational', '0.996')]"
How to tie a tie?,Informational,"[('Informational', '0.996')]"
Why is the sky blue?,Informational,"[('Informational', '0.996')]"
Who was Leonardo da Vinci?,Informational,"[('Informational', '0.996')]"
When was the Declaration of Independence signed?,Informational,"[('Informational', '0.996')]"
How does solar energy work?,Informational,"[('Informational', '0.996')]"
What causes earthquakes?,Informational,"[('Informational', '0.996')]"
How to cook pasta?,Informational,"[('Informational', '0.996')]"
What is the stock market?,Informational,"[('Informational', '0.996')]"
How to meditate?,Informational,"[('Informational', '0.996')]"
Why do leaves change color in the fall?,Informational,"[('Informational', '0.996')]"
What is global warming?,Informational,"[('Informational', '0.996')]"
How to start a blog?,Informational,"[('Informational', '0.996')]"
Why do we dream?,Informational,"[('Informational', '0.996')]"
What is the meaning of life?,Informational,"[('Informational', '0.996')]"
How to improve memory?,Informational,"[('Informational', '0.996')]"
What is a black hole?,Informational,"[('Informational', '0.996')]"
Why is exercise important?,Informational,"[('Informational', '0.996')]"
How to make a paper airplane?,Informational,"[('Informational', '0.996')]"
What is the water cycle?,Informational,"[('Informational', '0.996')]"
How to grow tomatoes?,Informational,"[('Informational', '0.996')]"
Why do cats purr?,Informational,"[('Informational', '0.996')]"
What is DNA?,Informational,"[('Informational', '0.996')]"
How to draw a cat?,Informational,"[('Informational', '0.996')]"
Why do stars twinkle?,Informational,"[('Informational', '0.996')]"
What is the history of chocolate?,Informational,"[('Informational', '0.996')]"
How to bake a cake?,Informational,"[('Informational', '0.996')]"
Why do people yawn?,Informational,"[('Informational', '0.996')]"
What is the internet?,Informational,"[('Informational', '0.996')]"
How to plant a garden?,Informational,"[('Informational', '0.996')]"
Why is the ocean salty?,Informational,"[('Informational', '0.996')]"
What is the Big Bang Theory?,Informational,"[('Informational', '0.996')]"
How to play chess?,Informational,"[('Informational', '0.996')]"
Why do birds migrate?,Informational,"[('Informational', '0.996')]"
What is a healthy diet?,Informational,"[('Informational', '0.996')]"
How to change a tire?,Informational,"[('Informational', '0.996')]"
Why do flowers have colors?,Informational,"[('Informational', '0.996')]"
What is the human brain?,Informational,"[('Informational', '0.996')]"
How to knit a scarf?,Informational,"[('Informational', '0.996')]"
Why do we get hiccups?,Informational,"[('Informational', '0.996')]"
What is the Great Barrier Reef?,Informational,"[('Informational', '0.996')]"
How to write a resume?,Informational,"[('Informational', '0.996')]"
Why do leaves fall in autumn?,Informational,"[('Informational', '0.996')]"
What is renewable energy?,Informational,"[('Informational', '0.996')]"
How to make a volcano?,Informational,"[('Informational', '0.996')]"
Why do dogs wag their tails?,Informational,"[('Informational', '0.996')]"
What is the Amazon Rainforest?,Informational,"[('Informational', '0.996')]"
How to paint a sunset?,Informational,"[('Informational', '0.996')]"
Why do we have seasons?,Informational,"[('Informational', '0.996')]"
What is the immune system?,Informational,"[('Informational', '0.996')]"
How to make a paper mache mask?,Informational,"[('Informational', '0.996')]"
Why do bees make honey?,Informational,"[('Informational', '0.996')]"
What is the concept of time?,Informational,"[('Informational', '0.996')]"
How to play a guitar?,Informational,"[('Informational', '0.996')]"
Why do rivers flow?,Informational,"[('Informational', '0.996')]"
What is the theory of evolution?,Informational,"[('Informational', '0.996')]"
How to cook scrambled eggs?,Informational,"[('Informational', '0.996')]"
Why do we need sleep?,Informational,"[('Informational', '0.996')]"
What is the human heart?,Informational,"[('Informational', '0.996')]"
How to solve a Rubik's Cube?,Informational,"[('Informational', '0.996')]"
Why do leaves have veins?,Informational,"[('Informational', '0.996')]"
What is the solar system?,Informational,"[('Informational', '0.996')]"
How to sew a button?,Informational,"[('Informational', '0.996')]"
Why do zebras have stripes?,Informational,"[('Informational', '0.996')]"
What is the moon made of?,Informational,"[('Informational', '0.996')]"
How to make a smoothie?,Informational,"[('Informational', '0.996')]"
Why do we see rainbows?,Informational,"[('Informational', '0.996')]"
What is the water crisis?,Informational,"[('Informational', '0.996')]"
How to make a paper boat?,Informational,"[('Informational', '0.996')]"
Why do some foods taste spicy?,Informational,"[('Informational', '0.996')]"
What is climate change?,Informational,"[('Informational', '0.996')]"
How to do a handstand?,Informational,"[('Informational', '0.996')]"
Why do we yawn when others yawn?,Informational,"[('Informational', '0.996')]"
What is the history of photography?,Informational,"[('Informational', '0.996')]"
How to make a paper kite?,Informational,"[('Informational', '0.996')]"
Why do some animals hibernate?,Informational,"[('Informational', '0.996')]"
What is the theory of relativity?,Informational,"[('Informational', '0.996')]"
How to make a volcano model?,Informational,"[('Informational', '0.996')]"
Why do leaves have different shapes?,Informational,"[('Informational', '0.996')]"
What is the concept of gravity?,Informational,"[('Informational', '0.996')]"
How to write a book review?,Informational,"[('Informational', '0.996')]"
Why do we have different time zones?,Informational,"[('Informational', '0.996')]"
What is the history of the internet?,Informational,"[('Informational', '0.996')]"
How to make a solar oven?,Informational,"[('Informational', '0.996')]"
Why do people have allergies?,Informational,"[('Informational', '0.996')]"
What is the meaning of dreams?,Informational,"[('Informational', '0.996')]"
How to make a rainbow with a prism?,Informational,"[('Informational', '0.996')]"
Why do planets orbit the sun?,Informational,"[('Informational', '0.996')]"
What is the history of the English language?,Informational,"[('Informational', '0.996')]"
How to make a potato battery?,Informational,"[('Informational', '0.996')]"
Why do some animals have tails?,Informational,"[('Informational', '0.996')]"
What is the concept of infinity?,Informational,"[('Informational', '0.996')]"
How to make a volcano erupt?,Informational,"[('Informational', '0.996')]"
Why do leaves change color in the fall?,Informational,"[('Informational', '0.996')]"
What is the origin of the universe?,Informational,"[('Informational', '0.996')]"
How to make a paper flower?,Informational,"[('Informational', '0.996')]"
Why do some animals camouflage?,Informational,"[('Informational', '0.996')]"
What is the history of ancient civilizations?,Informational,"[('Informational', '0.996')]"
How to make a simple machine?,Informational,"[('Informational', '0.996')]"
Why do we see the phases of the moon?,Informational,"[('Informational', '0.996')]"
